{"cameraMode":{"drawMode":0,"name":"Shaded","section":"Shading Mode"},"sceneLighting":true,"audioPlay":false,"sceneViewState":{"m_AlwaysRefresh":false,"showFog":true,"showSkybox":true,"showFlares":true,"showImageEffects":true,"showParticleSystems":true,"showVisualEffectGraphs":true,"m_FxEnabled":true},"in2DMode":false,"pivot":{"x":-0.2631230354309082,"y":5.449049949645996,"z":0.6135331392288208},"rotation":{"x":0.09415553510189057,"y":-0.9046595096588135,"z":0.2682931125164032,"w":0.3174384832382202},"size":36.619598388671878,"orthographic":true}